0;49284.62510997868;1
0;58525.492318099685;1
0;49243.16223555221;1
0;10426.258107028547;1
0;51225.03981875806;1
0;60829.734784775195;1
0;52033.492030059766;1
0;31653.52681270616;1
0;37588.563090088566;1
0;36258.04165548296;1
0;26420.431185103414;1
0;31374.262032310304;1
0;30882.489686606245;1
0;29368.511473567218;1
0;28837.044438067896;1
0;34243.99027020563;1
0;33393.91551904159;1
0;29680.66541609905;1
0;8642.88187115233;1
0;60873.79027215742;1
0;72287.62594818693;1
0;63016.15092497734;1
0;18214.50040793965;1
0;21629.719234428332;1
0;27303.939808520416;1
0;32423.428522617993;1
0;28468.628069007522;1
0;33806.495831946435;1
0;38844.50997281872;1
0;46127.85559272223;1
0;20619.486895689108;1
0;10860.128547120745;1
0;12896.402649705884;1
0;7565.613066074544;1
0;22202.491181126545;1
0;26365.45827758777;1
0;14653.44579120652;1
0;43775.58631703117;1
0;51983.50875147452;1
0;34704.18366572757;1
0;48996.451744110665;1
0;58183.28644613142;1
0;49139.93611981033;1
0;18569.95769407874;1
0;14856.655406533408;1
0;11896.973824270697;1
0;16166.674785275172;1
0;51627.70984644641;1
0;61307.90544265511;1
0;45625.82131853027;1
0;15537.586891916373;1
0;18450.884434150692;1
0;15206.039959768357;1
0;18057.172452224924;1
0;13200.336993263569;1
0;29128.015906679233;1
0;34589.51888918159;1
0;25863.954257542402;1
0;30713.445680831603;1
0;16636.555596759532;1
0;19755.909771151943;1
0;35852.06575370492;1
0;42574.32808252459;1
0;28644.03786832659;1
0;38582.43284484842;1
0;45816.6390032575;1
0;21035.772354590776;1
0;15417.160872634006;1
0;18307.87853625288;1
0;19840.38686337995;1
0;23560.45940026369;1
0;40246.77288102671;1
0;47793.04279621921;1
0;18031.634132643143;1
0;43662.50402407086;1
0;51849.223528584145;1
0;18190.125154104357;1
0;10981.374362865914;1
0;13676.936258688567;1
0;40528.45636254217;1
0;48127.541930518826;1
0;25099.812422169227;1
0;29568.23549860599;1
0;35112.27965459461;1
0;27011.433221311567;1
0;24361.748813505816;1
0;35391.144055291;1
0;42026.98356565806;1
0;31156.302784529194;1
0;42231.69839910005;1
0;50150.141848931315;1
0;40868.603439563856;1
0;32549.266298082057;1
0;38652.25372897244;1
0;30372.516961160345;1
0;22680.07838257057;1
0;38044.0181001247;1
0;45177.27149389808;1
0;34991.793970113205;1
0;41552.75533950943;1
0;15277.990842249625;1
0;16880.353042036706;1
0;20045.419237418588;1
0;28611.512406402537;1
0;33976.17098260301;1
0;15733.279038872675;1
0;32972.385772326576;1
0;39154.70810463781;1
0;10290.527840144665;1
0;23709.36638112356;1
0;28154.87257758423;1
0;30951.96065397273;1
0;36755.45327659261;1
0;30334.05207551217;1
0;23174.966675341646;1
0;17672.902432238316;1
0;20986.571638283;1
0;44675.05480757039;1
0;53051.62758398984;1
0;38771.99975686371;1
0;28929.33112481318;1
0;34353.58071071565;1
0;19850.86833153145;1
0;33205.9454597157;1
0;39432.0602334124;1
0;41741.87676897852;1
0;49568.47866316199;1
0;40313.17741151652;1
0;11191.280296775074;1
0;27043.098300379395;1
0;32113.67923170053;1
0;16941.232834568804;1
0;43925.076842040166;1
0;52161.0287499227;1
0;28654.51810719906;1
0;30663.45969768294;1
0;36412.858390998495;1
0;26623.265619793292;1
0;21252.86649676224;1
0;25529.560186702714;1
0;30316.352721709474;1
0;24152.612008495656;1
0;28681.226760088593;1
0;45764.026428695885;1
0;54344.78138407636;1
0;4428.332498303152;1
0;34072.01188242844;1
0;40460.51411038377;1
0;35034.25923655223;1
0;36589.96640015118;1
0;43450.58510017952;1
0;18963.898600856417;1
0;35959.369562158754;1
0;42701.75135506352;1
0;18991.457846883623;1
0;16355.724408798027;1
0;19422.422735447657;1
0;12568.369804041205;1
0;22340.898928816972;1
0;26529.817477970155;1
0;14123.794572937424;1
0;16772.006055363192;1
0;27398.63031690564;1
0;32535.873501325448;1
0;26317.35504464844;1
0;19208.30800836463;1
0;22809.865759933;1
0;36307.09013827008;1
0;43114.669539195726;1
0;36392.85378796872;1
0;50206.5570334516;1
0;59620.28647722377;1
0;43242.56570796846;1
0;28528.679570901466;1
0;33877.80699044549;1
0;28685.822250774414;1
0;23766.32287252258;1
0;23290.538853035305;1
0;27657.514887979425;1
0;45683.76960706092;1
0;54249.47640838485;1
0;44967.913668166235;1
0;44101.6483194503;1
0;52370.70737934723;1
0;35899.8081217417;1
0;20140.215428437896;1
0;23916.505821270002;1
0;37566.19653676011;1
0;44609.85838740263;1
0;23032.932970528153;1
0;27351.607902502183;1
0;37755.232630249186;1
0;44834.33874842091;1
0;32147.326711839334;1
0;26572.005650322408;1
0;30273.62735407917;1
0;35949.932482969016;1
0;13263.063236244212;1
0;27041.511755805965;1
0;32111.795210019583;1
0;48724.91309795211;1
0;57860.83430381813;1
0;39395.6825189412;1
0;46782.37299124267;1
0;22506.654834692552;1
0;54587.30039809935;1
0;64822.41922274298;1
0;55755.19154869111;1
0;33395.062294520954;1
0;39656.63647474363;1
0;23606.785865770606;1
0;22842.509235918897;1
0;35186.115652546694;1
0;41783.512337399196;1
0;25214.59599064619;1
0;8655.379030268763;1
0;10278.262598444157;1
0;8347.06610258728;1
0;35311.8729378209;1
0;41932.84911366232;1
0;33331.73368386665;1
0;24750.010947327122;1
0;41467.9260930966;1
0;19247.13780403025;1
0;43817.6774989977;1
0;33909.9563156158;1
0;30533.087709880383;1
0;17756.587862155524;1
0;26006.30710451052;1
0;24731.378083003972;1
0;12563.431426838806;1
0;28121.192016035024;1
0;24994.244560925516;1
0;24952.386555560824;1
0;53066.232357875655;1
0;20671.554812673563;1
0;11121.120115432705;1
0;1375.4802569343526;1
0;20838.488847434695;1
0;17363.778438475038;1
0;10048.961205308326;1
0;6371.04258195751;1
0;5978.798350851505;1
0;11256.852000973624;1
0;29224.575718507425;1
0;4927.843313566306;1
0;41380.99883773502;1
0;29445.866837369722;1
0;38421.74426823601;1
0;14240.791394533528;1
0;13870.274185695596;1
0;11116.07325748511;1
0;3133.0138795416365;1
0;21478.163569820535;1
0;12469.878141451936;1
0;14040.274589541927;1
0;24121.295047011867;1
0;15653.289109477771;1
0;17714.33461439223;1
0;10213.277820674608;1
0;5207.501936308271;1
0;9442.923584594373;1
0;15184.53400643633;1
0;8926.3669858536;1
0;36570.546262325064;1
0;21136.68414498461;1
0;13444.595853680978;1
0;22746.47008110448;1
0;20515.156895583845;1
0;8430.978654830691;1
0;26236.886555393005;1
0;12899.816366335337;1
0;34415.66605436956;1
0;23848.74026284069;1
0;25576.856388345554;1
0;19099.013374796268;1
0;14376.66437424486;1
0;30371.679576128947;1
0;27850.290579140536;1
0;13704.40901613873;1
0;13249.077085366464;1
0;12248.572980694098;1
0;27316.126827456344;1
0;4889.661938498697;1
0;25544.464905694458;1
0;19515.76141081402;1
0;13378.793871112264;1
0;16777.726682981596;1
0;32650.105058411547;1
0;10638.28026189305;1
0;16716.520700237008;1
0;12061.966708837846;1
0;25420.375322543587;1
0;33947.938872856015;1
0;21762.744800269604;1
0;3359.2485422019195;1
0;24130.120511325524;1
0;14676.048996421401;1
0;22419.592100878563;1
0;17897.15073411557;1
0;8487.518166143414;1
0;14964.518460866797;1
0;4603.411549613442;1
0;38845.565271406595;1
0;29502.534093938717;1
0;20309.26587087377;1
0;15969.598821773825;1
0;3690.5271479890316;1
0;29410.007434153318;1
0;10583.890361297857;1
0;6791.671283459217;1
0;12442.25242116843;1
0;6738.649822579464;1
0;22161.983195493423;1
0;14114.05211104407;1
0;18648.92219760581;1
0;30646.613716184183;1
0;19131.11932605735;1
0;36414.79217513133;1
0;11997.08096729986;1
0;24156.48189538898;1
0;20013.74557686112;1
0;9799.609551853186;1
0;13707.09874981248;1
0;37867.71677319262;1
0;21816.46763998844;1
0;30231.417365677222;1
0;24404.91833914779;1
0;13722.767460645933;1
0;30692.41316616447;1
0;2592.38951741012;1
0;27071.433020496283;1
0;22376.425810797817;1
0;19934.892948889974;1
0;11168.89535683723;1
0;6147.033581799503;1
0;19304.906327562694;1
0;42167.27277167051;1
0;18952.972492372675;1
0;8051.074312531774;1
0;46951.74025152936;1
0;28786.865697061756;1
0;19879.398623806825;1
0;19235.797251300122;1
0;7337.120209195646;1
0;21233.343992123107;1
0;11551.254153832648;1
0;7029.108296915603;1
0;6096.647644971838;1
0;28068.828365361394;1
0;20842.11448195968;1
0;18717.10413256079;1
0;12381.181502096399;0
0;37588.563090088566;0
0;31374.262032310304;0
0;34243.99027020563;0
0;10263.422221993393;0
0;21629.719234428332;0
0;32423.428522617993;0
0;46127.85559272223;0
0;26365.45827758777;0
0;51983.50875147452;0
0;17642.27829525842;0
0;61307.90544265511;0
0;30713.445680831603;0
0;42574.32808252459;0
0;45816.6390032575;0
0;18307.87853625288;0
0;23560.45940026369;0
0;47793.04279621921;0
0;13040.382055903272;0
0;16241.361807192674;0
0;48127.541930518826;0
0;35112.27965459461;0
0;42026.98356565806;0
0;38652.25372897244;0
0;18142.61412517143;0
0;20045.419237418588;0
0;33976.17098260301;0
0;12220.001810171789;0
0;28154.87257758423;0
0;36755.45327659261;0
0;34353.58071071565;1
0;58525.492318099685;0
0;60829.734784775195;0
0;72287.62594818693;0
0;33806.495831946435;0
0;12896.402649705884;0
0;17400.966877057745;0
0;58183.28644613142;0
0;22051.824761718504;0
0;14127.656416321453;0
0;19197.926307514266;0
0;18450.884434150692;0
0;18057.172452224924;0
0;34589.51888918159;0
0;19755.909771151943;0
0;51849.223528584145;0
0;21600.773620498923;0
0;50150.141848931315;0
0;45177.27149389808;0
0;41552.75533950943;0
0;39154.70810463781;0
0;20986.571638283;0
0;39432.0602334124;0
0;49568.47866316199;0
0;54344.78138407636;0
0;5258.644841734993;0
0;42701.75135506352;0
0;19422.422735447657;0
0;16772.006055363192;0
0;10278.262598444157;1
0;33393.91551904159;0
0;13367.511751156178;0
0;34704.18366572757;0
0;45625.82131853027;0
0;14807.980292974175;0
0;6183.908549366072;0
0;25099.812422169227;0
0;31156.302784529194;0
0;15733.279038872675;0
0;6112.077423123372;0
0;40812.63132301444;0
0;20895.65087529626;0
0;30162.650639156906;0
0;36878.167617423394;0
0;19961.99852721728;0
0;38308.26714523023;0
0;45518.490218914165;0
0;3240.48689676265;0
0;13961.119196046538;0
0;23691.215615465844;0
0;21085.948086309683;0
0;30882.489686606245;0
0;13206.330137076337;0
0;1633.3828051095438;0
0;11213.471756705818;0
0;16273.985706664742;0
0;3989.107643864779;0
0;17770.36567227932;0
0;5466.551215165962;0
0;15552.815526460538;0
0;17133.8734372656;0
0;30506.147923934735;0
0;27970.53226349727;0
0;49243.16223555221;0
0;52033.492030059766;0
0;29368.511473567218;0
0;63016.15092497734;0
0;24745.7055063287;0
0;7565.613066074544;0
0;49139.93611981033;0
0;13200.336993263569;0
0;25505.319239161887;0
0;17550.34323692741;0
0;45713.182827906334;0
0;25643.946119479806;0
0;43019.58256796195;0
0;23873.766718495335;0
0;37964.599470161185;0
0;34812.86322392567;0
0;34145.15853432043;0
0;24394.70176351752;0
0;31775.46915317948;0
0;42434.92359107002;0
0;22371.438417644462;0
0;48556.95658925825;0
0;36762.50929269165;0
0;13229.862951622323;0
0;8423.31227822433;0
0;27702.47899436678;0
0;25017.181971076403;0
0;47334.645966490774;0
0;17153.459325807416;0
0;38365.51645770559;0
0;8786.385371144504;1
0;14919.074819371082;0
0;29680.66541609905;0
0;11933.141431303637;0
0;7099.823041636163;0
0;16470.95059551352;0
0;3720.4539819556935;0
0;18588.280817504852;0
0;12128.267412051096;0
0;10600.060795701149;0
0;10538.723318538363;0
0;17970.830467806074;0
0;16723.49233889033;0
0;20972.158353726994;0
0;10609.397707679269;0
0;8489.58910432402;0
0;17642.565138805086;0
0;23311.15274700726;0
0;12249.511939816482;0
0;24918.616186112467;0
0;9171.400261494557;0
0;14439.06769229081;0
0;7620.809556214798;0
0;23396.38016570099;0
0;22855.976142285923;0
0;40268.07312479376;0
0;29630.95903472848;0
0;24547.471340049855;0
0;5851.813934859989;0
0;34966.96686937654;0
0;16910.939781008565;0
0;15318.531935023213;0
0;28320.379062123317;0
0;15310.716225867622;0
0;13297.850327366312;0
0;15077.458386047309;0
0;27203.431000337005;0
0;25386.582338592212;0
0;23913.899157571686;0
0;14996.351209124825;0
0;27270.58454998555;0
0;35983.58212132719;0
0;15965.45757624616;0
0;17427.808183250414;0
0;4382.500988236975;0
0;7299.60237838691;0
0;9560.650746131481;0
0;60147.30563759454;1
0;55489.33706923601;1
0;39260.72320887127;1
0;42014.362042753055;1
0;105968.61348629936;1
0;35177.66250304258;1
0;45862.65311381688;1
0;77976.20798612757;1
0;34753.5003607272;1
0;31403.003766588517;1
0;11532.897337465723;1
0;64598.608789604885;1
0;4298.375802919852;1
0;18683.744846410955;1
0;19209.479943123446;1
0;15707.500561992601;1
0;44211.49896690471;1
0;39747.73657587804;1
0;30099.318925894564;1
0;25662.79937119503;1
0;93858.70054411599;1
0;9986.481741038966;1
0;16598.912421982615;1
0;43682.8037389422;1
0;45392.52257007562;1
0;49894.859036460395;1
0;10707.604728268618;1
0;32554.823053400312;1
0;41118.16466769388;1
0;47699.402594012914;1
0;28452.794767408348;1
0;76017.85958780469;1
0;14673.374314392846;1
0;27400.680628199745;1
0;39807.86218725582;1
0;15891.401300120766;1
0;40437.3203687974;1
0;46724.1592162958;1
0;34574.41085115241;1
0;44548.07093689056;1
0;43481.08008111486;1
0;39201.391803723;1
0;79315.98460223031;1
0;54527.61171969019;1
0;70728.92060087621;1
0;27584.434039966098;1
0;66005.11408033974;1
0;22497.411126458657;1
0;63371.83276756497;1
0;46752.79761783348;1
0;39740.330704180786;1
0;61774.55477956925;1
0;72267.04905746171;1
0;32461.206640513676;1
0;8587.290276421023;1
0;95356.49262151707;1
0;66034.33289319804;1
0;24762.780706035304;1
0;38985.48276918518;1
0;20576.185801779953;1
0;63170.22644739267;1
0;60147.30563759454;1
0;55489.33706923601;1
0;39260.72320887127;1
0;42014.362042753055;1
0;105968.61348629936;1
0;35177.66250304258;1
0;45862.65311381688;1
0;77976.20798612757;1
0;34753.5003607272;1
0;31403.003766588517;1
0;11532.897337465723;1
0;63306.636613812785;1
0;4212.408286861455;1
0;18310.069949482735;1
0;18825.29034426098;1
0;15399.510354894706;1
0;43344.60683029874;1
0;38968.3691920373;1
0;29509.136201857415;1
0;25159.607226661792;1
0;92018.33386678038;1
0;9790.668373567614;1
0;16273.443550963348;1
0;42826.27817543353;1
0;44502.47310791727;1
0;48916.528467118034;1
0;10497.651694380998;1
0;31916.49318960815;1
0;40311.92614479793;1
0;46764.12019020874;1
0;27336.99889417665;1
0;73036.76705494961;1
0;14097.947870691165;1
0;26346.80829634591;1
0;38276.790564669056;1
0;15280.193557808429;1
0;38882.03881615135;1
0;44927.07616951519;1
0;33244.62581841578;1
0;42834.683593164;1
0;41808.73084722582;1
0;37693.64596511827;1
0;76265.36980983685;1
0;52430.39588431749;1
0;68008.57750084251;1
0;25993.024383814205;1
0;62197.12672955092;1
0;21223.972760810055;1
0;59784.74789392922;1
0;44106.41284701272;1
0;37490.87802281207;1
0;58277.88186751816;1
0;68176.46137496388;1
0;30623.779849541206;1
0;8101.217241906625;1
0;89958.95530331798;1
0;61050.609655975546;1
0;22928.50065373639;1
0;36097.66923072703;1
0;19052.023890536995;1
0;58490.950414252475;1
1;22855.976142285923;0
1;16470.95059551352;0
1;16241.361807192674;0
1;36066.369496653126;0
1;13289.6453524204;0
1;5258.644841734993;0
1;22226.56115741594;0
1;12381.181502096399;1
1;15437.416407082404;1
1;18331.931983410355;1
1;16634.6337597074;1
1;46426.50938951984;1
1;55131.47990005481;1
1;22962.63624817125;1
1;27268.13054470336;1
1;18035.80395025637;1
1;11931.252291439221;1
1;59213.99037645421;1
1;70316.61357203938;1
1;38805.947041151725;1
1;29455.19394150438;1
1;34869.78982962019;1
1;41407.87542267398;1
1;24745.7055063287;1
1;5812.699861678171;1
1;40867.385785365186;1
1;48530.020620121155;1
1;19772.793853238323;1
1;29825.698107905828;1
1;35418.01650313817;1
1;19168.701093044496;1
1;14789.025365638132;1
1;10546.398336814274;1
1;22051.824761718504;1
1;17642.27829525842;1
1;19197.926307514266;1
1;9702.996056104714;1
1;39870.52996993633;1
1;47346.25433929939;1
1;20022.33882169447;1
1;25505.319239161887;1
1;25142.013587862588;1
1;17342.347425636322;1
1;27551.80840346251;1
1;32717.77247911173;1
1;10130.588341279366;1
1;6014.531051777165;1
1;15690.40967597997;1
1;35884.13225733022;1
1;42612.407055579635;1
1;60668.6731026219;1
1;72044.0493093635;1
1;38465.350829077244;1
1;31413.675443451826;1
1;5312.585310785552;1
1;43427.52368651101;1
1;22932.136080267395;1
1;21600.773620498923;1
1;13040.382055903272;1
1;40080.28172264666;1
1;44046.251161991495;1
1;52304.9232548649;1
1;14341.250117877737;1
1;7108.658281468861;1
1;29423.817620601483;1
1;34940.78342446426;1
1;33420.30884840108;1
1;24387.746378203225;1
1;33072.220062729386;1
1;25089.67608134676;1
1;18142.61412517143;1
1;56311.52617781704;1
1;66869.93733615773;1
1;37200.29890676374;1
1;26362.06107116971;1
1;26934.58929474074;1
1;31984.82478750463;1
1;32437.90060760441;1
1;12220.001810171789;1
1;35377.87189698423;1
1;42011.22287766877;1
1;31223.342451754692;1
1;37077.7191614587;1
1;31975.60002419855;1
1;23023.88521592809;1
1;2959.3072771970938;1
1;8608.865227242413;1
1;23299.459783903083;1
1;27668.108493384912;1
1;30186.69569552051;1
1;19404.958753036837;1
1;11995.256482235025;1
1;8063.982576522198;1
1;31233.045393335007;1
1;37089.24140458532;1
1;20117.713991050456;1
1;42779.341201834126;1
1;37241.936098204365;1
1;44224.79911661769;1
1;25264.271755372338;1
1;25148.37013241515;1
1;22584.359900360047;1
1;21850.906410715965;1
1;25947.95136272521;1
1;32232.259205252263;1
1;38275.80780623706;1
1;46129.10875979533;1
1;25453.504197373604;1
1;16366.734910198806;1
1;19435.497705861082;1
1;33059.34096252843;1
1;34924.38382805706;1
1;30237.655721342137;1
1;22552.356193174302;1
1;36408.68121602744;1
1;43235.308944032586;1
1;24147.087777568657;1
1;16536.075315738934;1
1;33536.278800127235;1
1;39824.331075151094;1
1;42923.66308416221;1
1;50971.84991244262;1
1;16470.95059551352;1
1;33270.59624334574;1
1;39508.83303897306;1
1;31876.885310444683;1
1;19462.879723721253;1
1;4866.6505792096705;1
1;13860.57915161889;1
1;16459.43774254743;1
1;11217.992498366686;1
1;38240.287496141325;1
1;45410.34140166782;1
1;25671.041715876498;1
1;23241.370678099145;1
1;34855.1112868249;1
1;41390.44465310456;1
1;3716.9282853096115;1
1;14810.625043249014;1
1;36447.24063482031;1
1;26729.125150847478;1
1;21658.15181202502;1
1;11936.315682446524;1
1;31896.397694715273;1
1;37876.97226247439;1
1;19247.13780403025;1
1;22924.5762639807;1
1;29615.147770220356;1
1;50073.636416358735;1
1;30852.490513611814;1
1;36896.90523517341;1
1;11915.714772689895;1
1;47629.10337824143;1
1;56559.560261661696;1
1;9331.256505326332;1
1;44201.412750717725;1
1;52489.1776414773;1
1;16206.786536212483;1
1;4100.365959981;1
1;14339.058559783418;1
1;18454.994102561148;1
1;15188.045431794839;1
1;9352.471754200027;1
1;32678.692245180402;1
1;24804.373845477374;1
1;10567.38338830526;1
1;17323.196039491864;1
1;9588.160826091573;1
1;16650.773771148062;1
1;8460.2448929353;1
1;13304.491896028832;1
1;14274.289505536863;1
1;10887.133595891893;1
1;14523.08900757163;1
1;16860.916902479552;1
1;11986.546846140776;1
1;21172.22196872639;1
1;14604.082042641114;1
1;4597.2871209028435;1
1;16823.811077425442;1
1;18684.352873709904;1
1;32391.874382380836;1
1;26453.621426064696;1
1;11687.636648082482;1
1;19311.272488646227;1
1;10666.154423820266;1
1;11297.425633886294;1
1;3309.3272583800726;1
1;16797.48648649487;1
1;28143.41797760091;1
1;20537.04958164482;1
1;5142.688422650342;1
1;21128.14827902885;1
1;7861.365048438311;1
1;13739.41770277231;1
1;31326.567500432622;1
1;22199.630375721863;1
1;11120.384619201743;1
1;19967.85278711259;1
1;18382.180231176204;1
1;4091.5339901809753;1
1;19288.40726296791;1
1;26926.821073009305;1
1;19388.534918676287;1
1;7183.888105270012;1
1;18351.439937800176;1
1;16341.017897294178;1
1;10101.268616618969;1
1;9327.622698463847;1
1;17969.48893376027;1
1;7453.313825538492;1
1;21275.17621505039;1
1;21177.574848349603;1
1;19018.4083371453;1
1;12954.698212381907;1
1;20900.71742893568;1
1;14082.85673615611;1
1;21434.529850419876;1
1;13660.951657719128;1
1;11927.58498541731;1
1;25463.289028498642;1
1;12805.390961119263;1
1;9939.936518976507;1
1;20334.38970742624;1
1;13925.116055359103;1
1;12673.49498402191;1
1;11172.485676919932;1
1;13870.274185695596;1
1;10790.254014776141;1
1;26843.69289300605;1
1;16389.79345155474;1
1;10233.920752585671;1
1;13429.655918252458;1
1;21617.71933968547;1
1;19571.680571030858;1
1;14286.980313337957;1
1;12231.298899073408;1
1;22508.73696913472;1
1;10277.1967357242;1
1;24218.296918517513;1
1;11122.450464522379;1
1;25981.04464304153;1
1;18700.386737560737;1
1;12077.262060829964;1
1;13647.820241021038;1
1;5423.250345696462;1
1;18331.931983410355;0
1;55131.47990005481;0
1;27268.13054470336;0
1;14168.362096084074;0
1;70316.61357203938;0
1;48530.020620121155;0
1;35418.01650313817;0
1;17561.967621695283;0
1;12523.84802496695;0
1;11522.307816624347;0
1;47346.25433929939;0
1;32717.77247911173;0
1;72044.0493093635;0
1;52304.9232548649;0
1;17030.234514979813;0
1;8441.531709244273;0
1;34940.78342446426;0
1;31984.82478750463;1
1;19753.62758965254;0
1;6902.581085742828;0
1;12030.073655269247;0
1;7142.255623985384;0
1;6308.695056557843;0
1;3514.177391671549;0
1;37089.24140458532;0
1;25947.95136272521;0
1;5779.147562811484;0
1;17587.617238858205;0
1;14174.374872905248;0
1;11664.070631657914;0
1;41407.87542267398;0
1;22762.83254799034;0
1;18632.361490226216;0
1;42612.407055579635;0
1;47595.33454564291;0
1;50800.46767717802;0
1;38275.80780623706;0
1;39257.96739300252;0
1;39824.331075151094;0
1;41390.44465310456;0
1;25719.05527677971;0
1;35167.98797713667;0
1;43815.07496676843;0
1;23068.742628201435;0
1;40848.365306475505;0
1;20813.467213935077;0
1;17842.86188192108;0
1;18153.86125946454;0
1;21076.14612809944;0
1;40489.84297797605;0
1;14121.782042357867;0
1;20996.858108118584;0
1;35179.27247200114;0
1;39158.20937554078;0
1;33658.52634126163;0
1;26593.970268812987;0
1;25417.987134282797;0
1;17337.842732119494;0
1;33554.61611625756;0
1;27022.14917460684;0
1;15096.577576037454;0
1;17059.7753012763;0
1;4869.184577477437;0
1;18985.056789743547;0
1;31005.467306846716;0
1;16630.61487003604;0
1;13608.916994864867;0
1;21029.763846781803;0
1;33067.02678258087;0
1;4136.659072975091;0
1;25671.311977056026;0
1;17174.27212846539;0
1;27749.53796965233;0
1;24959.815983890738;0
1;5114.417487726219;0
1;24110.50907870989;0
1;24235.66864834536;0
1;22939.29992225022;0
1;26471.968560437002;0
1;20487.241814443423;0
1;24464.60071378857;0
1;30272.871148146893;0
1;17027.63203974281;0
1;11385.940980983743;0
1;17342.347425636322;0
1;12666.058378286565;0
1;9335.370995020494;0
1;21828.83902452174;0
1;11995.256482235025;0
1;16222.380093541464;0
1;15206.401766329125;0
1;12846.495919655248;0
1;13903.063080652973;0
1;23375.48342195092;0
1;12548.767773612495;0
1;20571.295296896587;0
1;22187.66903753051;0
1;13879.068519597948;0
1;13205.45673530207;0
1;21338.76810884032;0
1;8850.81016782696;0
1;24819.60194686112;0
1;16723.392374185383;0
1;12424.920648720634;0
1;13965.607096149915;0
1;15289.12362384176;0
1;10046.540810360668;0
1;14234.024379792172;0
1;22584.359900360047;0
1;16536.075315738934;0
1;12813.426642546667;0
1;6440.109785514549;0
1;11106.060208112533;0
1;5459.278456072127;0
1;6106.942501897281;0
1;8530.867125008139;0
1;11076.551954425819;0
1;15383.704127203515;0
1;14164.007170183057;0
1;15049.77529352602;0
1;12152.780893695484;0
1;16787.06989781557;0
1;17858.725391672448;0
1;44809.55799932318;1
1;51983.23049908563;1
1;29226.474231875083;1
1;33023.07308845394;1
1;25909.499984614355;1
1;155745.69638098654;1
1;53052.28787094384;1
1;77903.80671199402;1
1;18164.687067744286;1
1;36708.79971630613;1
1;37352.957857335605;1
1;48051.87963268866;1
1;31024.92679516806;1
1;151810.36709889298;1
1;125250.8803832708;1
1;15428.065267951024;1
1;18419.50134606757;1
1;35793.3872347526;1
1;86662.50469353967;1
1;21551.664315810034;1
1;133685.44125573165;1
1;16269.792514280753;1
1;64364.92633408867;1
1;34751.20193500545;1
1;76369.91084367274;1
1;105376.64931805938;1
1;88345.20474597966;1
1;150504.10064275516;1
1;9062.8785364161;1
1;56154.652918000844;1
1;38864.094637145725;1
1;64974.455436075055;1
1;15930.797890483358;1
1;61024.006946596404;1
1;35782.75495625193;1
1;14599.951737629011;1
1;242474.02236867917;1
1;65314.741965424;1
1;111849.04169757536;1
1;38020.48495206573;1
1;45357.539194950106;1
1;115302.82885991692;1
1;33571.746297344434;1
1;43128.74875447809;1
1;104844.13849416397;1
1;30701.762257757015;1
1;35062.927317186666;1
1;82004.47628155618;1
1;41128.32124964815;1
1;84786.87306972465;1
1;27993.769515978995;1
1;59978.73083332373;1
1;34914.01774037479;1
1;43753.87720959749;1
1;91760.21633230962;1
1;43239.598662093704;1
1;38222.8090596044;1
1;154278.19058487608;1
1;89818.85216610812;1
1;117762.88842067911;1
1;53625.897809293594;1
1;120723.17737543918;1
1;27508.782835284353;1
1;93909.85058167983;1
1;114208.90965429484;1
1;53541.98817570239;1
1;64895.52155811592;1
1;34266.59716776567;1
1;62687.32360464571;1
1;59642.17979785057;1
1;81736.75209999661;1
1;38496.27281889551;1
1;44809.55799932318;1
1;51983.23049908563;1
1;29226.474231875083;1
1;33023.07308845394;1
1;26438.265290422813;1
1;59902.19091576405;1
1;54134.987623412075;1
1;29963.002581536166;1
1;18164.687067744286;1
1;37457.95889418993;1
1;14366.522252821385;1
1;49032.53023743741;1
1;31658.08856649802;1
1;58388.60273034345;1
1;125250.8803832708;1
1;16070.901320782317;1
1;18419.50134606757;1
1;35793.3872347526;1
1;32665.097922949564;1
1;22000.657322389412;1
1;131011.732430617;1
1;16601.82909620485;1
1;24566.76577636972;1
1;34751.20193500545;1
1;29148.82093269952;1
1;103310.44050790135;1
1;33719.54379617544;1
1;57444.31322242564;1
1;9247.835241240919;1
1;56154.652918000844;1
1;40483.43191369346;1
1;67681.72441257819;1
1;16947.657330301445;1
1;23291.60570480779;1
1;37273.70307942909;1
1;15208.28306003022;1
1;92547.33678193862;1
1;65314.741965424;1
1;42690.473930372274;1
1;39604.67182506847;1
1;46283.20326015317;1
1;115302.82885991692;1
1;12557.370752441811;1
1;43128.74875447809;1
1;39216.509818427745;1
1;31341.382304793617;1
1;36554.96677749248;1
1;31062.301621801584;1
1;41967.674744538934;1
1;32116.239799138122;1
1;29160.176579144787;1
1;57671.85657050359;1
1;34914.01774037479;1
1;44646.81347918112;1
1;34757.65770163243;1
1;41576.5371750901;1
1;38222.8090596044;1
1;58438.7085548773;1
1;34022.292487162165;1
1;43715.01161070664;1
1;51522.921424615415;1
1;45384.653148661346;1
1;10341.647682437728;1
1;35304.45510589467;1
1;42935.68032116347;1
1;51442.30236489054;1
1;62399.53995972685;1
1;12786.043719315549;1
1;60276.27269677472;1
1;56201.28480951304;1
1;75682.17787036723;1
1;37741.44394009364;1
2;21915.305496791363;0
2;10046.540810360668;0
2;11522.307816624347;0
2;3929.826119326336;0
2;21828.83902452174;0
2;4858.696613339908;0
2;21338.76810884032;0
2;14164.007170183057;0
2;25719.05527677971;0
2;44809.55799932318;1
2;51983.23049908563;1
2;29226.474231875083;1
2;33023.07308845394;1
2;59902.19091576405;1
2;54134.987623412075;1
2;29963.002581536166;1
2;18164.687067744286;1
2;37457.95889418993;1
2;14366.522252821385;1
2;31658.08856649802;1
2;58388.60273034345;1
2;16070.901320782317;1
2;18419.50134606757;1
2;35793.3872347526;1
2;32665.097922949564;1
2;22000.657322389412;1
2;16601.82909620485;1
2;24566.76577636972;1
2;34751.20193500545;1
2;29148.82093269952;1
2;33719.54379617544;1
2;9247.835241240919;1
2;40483.43191369346;1
2;16947.657330301445;1
2;23291.60570480779;1
2;15208.28306003022;1
2;65314.741965424;1
2;42690.473930372274;1
2;39604.67182506847;1
2;46283.20326015317;1
2;43128.74875447809;1
2;39216.509818427745;1
2;31341.382304793617;1
2;36554.96677749248;1
2;31062.301621801584;1
2;41967.674744538934;1
2;32116.239799138122;1
2;29160.176579144787;1
2;34914.01774037479;1
2;44646.81347918112;1
2;34757.65770163243;1
2;20092.475698470134;1
2;23859.814891933285;1
2;4677.390543684431;1
2;55840.776177692445;1
2;66310.92171100978;1
2;53966.3408957784;1
2;12422.487258958252;1
2;24466.65274204786;1
2;29054.150131181832;1
2;21632.483547145126;1
2;14168.362096084074;1
2;19057.70417459474;1
2;22631.023707331253;1
2;25769.544571756724;1
2;30601.334178961108;1
2;35050.580337461164;1
2;41622.56415073513;1
2;26537.97278460886;1
2;12661.06962912892;1
2;34236.611695663;1
2;40655.97638859981;1
2;35708.63428958098;1
2;15571.941413028277;1
2;40694.05088148215;1
2;48324.185421760056;1
2;20149.670561531922;1
2;17561.967621695283;1
2;32728.317632566228;1
2;38864.8771886724;1
2;12105.975485242112;1
2;14375.845888725007;1
2;32773.92067245035;1
2;38919.0307985348;1
2;18454.994102561148;1
2;21915.305496791363;1
2;13984.176662324955;1
2;16606.209786510884;1
2;27177.972496990875;1
2;32273.842340176663;1
2;23569.193710832613;1
2;37266.26898558709;1
2;44253.69442038467;1
2;31983.428249931494;1
2;19980.437080329422;1
2;12003.541342002929;1
2;12441.86244699544;1
2;36638.72885789257;1
2;43508.49051874743;1
2;15426.82220632659;1
2;26006.30710451052;1
2;30882.489686606245;1
2;19642.700137132968;1
2;23325.7064128454;1
2;13870.103837394567;1
2;16470.748306906047;1
2;51488.83344098672;1
2;61142.98971117173;1
2;46320.94469216654;1
2;32281.729564969766;1
2;29714.729789073;1
2;35286.24162452419;1
2;61737.72984021887;1
2;73313.55418525991;1
2;51705.59887282204;1
2;45218.41072312097;1
2;4278.262478945827;1
2;17030.234514979813;1
2;17686.55297599641;1
2;21002.781658995737;1
2;41711.410060605376;1
2;49532.299446968886;1
2;37234.10811227068;1
2;27573.136062961075;1
2;43775.11793766557;1
2;51982.95255097787;1
2;36097.847798331786;1
2;11152.226738410518;1
2;13243.26925186249;1
2;16618.36843388208;1
2;19734.312515234968;1
2;40322.12200569474;1
2;47882.519881762506;1
2;29996.032286035825;1
2;23627.93517612761;1
2;22778.107327700654;1
2;40952.298877501365;1
2;48630.85491703287;1
2;39847.38871390257;1
2;21158.361399519043;1
2;15615.351329621595;1
2;18543.229703925645;1
2;20308.807810346712;1
2;24116.70927478672;1
2;10223.027457350367;1
2;37341.10725703468;1
2;44342.56486772868;1
2;27399.368551555843;1
2;22634.630365992456;1
2;32120.506964087916;1
2;38143.1020198544;1
2;29125.670329288456;1
2;28943.42393124328;1
2;26514.91709587937;1
2;31486.46405135675;1
2;24914.218454167232;1
2;22334.136204624556;1
2;33334.41851185215;1
2;39584.62198282443;1
2;32772.07307776428;1
2;30682.902917520973;1
2;64470.823819225734;1
2;76559.10328533057;1
2;50962.17036244928;1
2;48623.09064039911;1
2;10320.054578814246;1
2;11190.197850008628;1
2;24975.394441832414;1
2;29658.280899675992;1
2;54382.56819908586;1
2;64579.299736414454;1
2;49339.886183623654;1
2;34085.94339364006;1
2;22236.175258504867;1
2;26405.45811947453;1
2;54634.77404113956;1
2;64878.794173853224;1
2;40157.437594332005;1
2;37606.45050899534;1
2;47530.01677645077;1
2;56441.89492203529;1
2;39015.05273135356;1
2;35759.62889246679;1
2;42464.55930980431;1
2;35368.64493601728;1
2;33434.23198582313;1
2;16480.238530910865;1
2;19570.283255456652;1
2;31773.790122162674;1
2;37731.375770068174;1
2;34967.14083399077;1
2;12563.431426838806;1
2;14919.074819371082;1
2;13156.20257724743;1
2;21583.881927450206;1
2;25630.85978884712;1
2;33292.476687630704;1
2;39534.81606656146;1
2;37183.89076004256;1
2;23605.816943213526;1
2;13321.36609181044;1
2;8545.930223071242;1
2;33546.37200307251;1
2;39836.31675364861;1
2;39379.77380407178;1
2;36541.066542559965;1
2;23230.794351562858;1
2;27586.568292480893;1
2;47419.13134537625;1
2;56310.2184726343;1
2;39941.57689287496;1
2;37287.36924735107;1
2;15799.507341939105;1
2;45444.07783196154;1
2;53964.84242545433;1
2;33928.56898506956;1
2;27746.37319197531;1
2;22855.976142285923;1
2;32734.72569721581;1
2;38872.48676544378;1
2;24184.358956837677;1
2;51113.813754016555;1
2;60697.65383289466;1
2;37648.40061927157;1
2;33692.437946706516;1
2;58925.918495069374;1
2;69974.52821289489;1
2;53862.60751801794;1
2;38634.334674628095;1
2;58553.54988981377;1
2;69532.34049415385;1
2;44218.21784457812;1
2;41926.01825340656;1
2;6987.891087428187;1
2;9579.639760216663;1
2;18492.000342612668;1
2;21959.25040685254;1
2;22798.716109745954;1
2;27073.47538032332;1
2;21256.864567815992;1
2;3938.855194681626;1
2;212.7062513002946;1
2;45445.33970170812;1
2;20865.138522796602;1
2;18216.828250227474;1
2;6667.153485660948;1
2;6636.0888050797785;1
2;8960.120410205089;1
2;3415.5216336981325;1
2;22347.766555460094;1
2;15506.305133078522;1
2;30070.428875436617;1
2;13113.213821497497;1
2;12753.931149080207;1
2;2592.38951741012;1
2;9371.995285245368;1
2;26280.565444909695;1
2;8466.646915738107;1
2;24635.18563357082;1
2;16650.773771148062;1
2;4830.1387898379435;1
2;19847.742072280096;1
2;11755.1727547962;1
2;26933.413263100207;1
2;16825.631225540565;1
2;13289.876235799955;1
2;12991.008173748707;1
2;7639.26149756237;1
2;3359.2485422019195;1
2;7269.541108577143;1
2;12818.044237390966;1
2;39007.11131971919;1
2;27184.614370500854;1
2;15080.847791815253;1
2;24694.15981426769;1
2;43541.55694553435;1
2;38078.661661575556;1
2;18556.06805640712;1
2;7411.540043801945;1
2;14841.151364533056;1
2;31355.038410333207;1
2;23219.483000388274;1
2;18382.180231176204;1
2;30398.187619647822;1
2;10525.621565352563;1
2;10854.968844570565;1
2;11180.750652089973;1
2;25259.816661924906;1
2;19897.208569370618;1
2;19181.56406543213;1
2;13467.048662950983;1
2;33555.69575907585;1
2;17817.567494331826;1
2;5064.139598927709;1
2;14693.634738528976;1
2;19584.182059643364;1
2;7144.527065249331;1
2;23073.15246446808;1
2;19060.741360835753;1
2;14446.613948105256;1
2;24526.880277295542;1
2;24373.40962631013;1
2;10819.159747038337;1
2;20980.394487719775;1
2;18807.693645999625;1
2;17969.48893376027;1
2;27597.535223380448;1
2;25838.234035807134;1
2;20126.357893957233;1
2;42915.51188416781;1
2;40945.76053928346;1
2;21537.911533262984;1
2;4897.143172049349;1
2;41549.37783884097;1
2;28703.95233148637;1
2;15663.806257846822;1
2;8460.2448929353;1
2;33816.789553121685;1
2;31668.58990231186;1
2;13611.545298527155;1
2;32854.78124745563;1
2;6289.429489364471;1
2;29784.122051382972;1
2;28155.142724903686;1
2;21620.64718363947;1
2;5547.609295257668;1
2;29446.013333886964;1
2;13853.95145292009;1
2;5978.798350851505;1
2;21486.184686636756;1
2;31312.750113720052;1
2;19878.582689021918;1
2;2511.289062180552;1
2;2392.711969448584;1
2;33161.91478237624;1
2;30771.424456892604;1
2;15358.07077998731;1
2;22531.838430664615;1
2;33635.012120315754;1
2;31399.889892506162;1
2;9346.415418369677;1
2;28571.42651374279;1
2;23365.366898505526;1
2;10125.752874624333;1
2;14240.791394533528;1
2;20365.77596365278;1
2;17401.940726427692;1
2;31703.91631096553;1
2;28372.57932354233;1
2;11353.462537171072;1
2;45357.985278330896;1
2;32534.17656810787;1
2;16799.137479058238;1
2;37236.39397438157;1
2;35306.12063444763;1
2;16424.75987015509;1
2;3336.1846610325574;1
2;17900.517530792415;1
2;11927.58498541731;1
2;15825.436246649091;1
2;44242.75521607235;1
2;31642.97773320104;1
2;66310.92171100978;0
2;14751.703620012924;0
2;29054.150131181832;0
2;22631.023707331253;0
2;30601.334178961108;0
2;41622.56415073513;0
2;15035.020184590594;0
2;38864.8771886724;0
2;38919.0307985348;0
2;21915.305496791363;0
2;16606.209786510884;0
2;32273.842340176663;0
2;14254.205343628479;0
2;14774.711655807085;0
2;30882.489686606245;0
2;23325.7064128454;0
2;53966.3408957784;0
2;26537.97278460886;0
2;31208.171465830263;0
2;29254.282939865352;0
2;19772.793853238323;0
2;5735.789812932558;0
2;23569.193710832613;0
2;15221.427531901772;0
2;46320.94469216654;0
2;30867.69976783461;0
2;18551.43920566632;0
2;39193.79801291651;0
2;37997.734524559775;0
2;18367.04342316122;0
2;24480.227574554207;0
2;30658.600346619427;0
2;51936.72229855121;0
2;10575.306116169124;0
2;41068.47655931953;0
2;6934.5116190720855;0
2;7473.497938564382;0
2;26857.730858295945;0
2;39140.937642150064;0
2;42043.76515039469;0
2;4170.230826290697;1
2;24777.351995820965;0
2;7880.355456032237;0
2;11129.244401228874;0
2;32281.729564969766;0
2;27573.136062961075;0
2;8484.125889983581;0
2;34085.94339364006;0
2;23605.816943213526;0
2;2841.3454637201935;0
2;39249.8623656327;0
2;17800.98924316691;0
2;40667.72071013483;0
2;21632.483547145126;0
2;24914.218454167232;0
2;32772.07307776428;0
2;35368.64493601728;0
2;39379.77380407178;0
2;18413.737345530746;0
2;17908.506752780613;0
2;21828.83902452174;0
2;12499.175608856169;0
2;28943.42393124328;0
2;18600.7699311931;0
2;7468.697518620309;0
2;11098.868309313992;0
2;20664.804612632885;0
2;20998.921848822796;0
2;22334.136204624556;0
2;30682.902917520973;0
2;33434.23198582313;0
2;34967.14083399077;0
2;36541.066542559965;0
2;10640.142987118543;0
2;4055.9319400165323;0
2;3989.107643864779;0
2;8632.580066435357;0
2;13277.141399356844;0
2;21338.76810884032;0
2;23900.049999074214;0
2;5815.357516808603;0
2;25674.51853057187;0
2;17317.439316150114;0
2;19197.58847498414;0
2;28164.79803833077;0
2;7917.244764222375;0
2;13959.267646320488;0
2;8801.20380201481;0
2;12847.752199608025;0
2;2982.155761339405;0
2;14164.007170183057;0
2;65203.557883739384;1
2;20834.85464269046;1
2;28000.3762818909;1
2;48457.20354087038;1
2;70093.68800365516;1
2;10673.505105306664;1
2;36734.91485873813;1
2;42970.84592378833;1
2;46185.09636243421;1
2;98991.7002004042;1
2;10497.651694380998;1
2;104377.88281729004;1
2;78284.39171265805;1
2;287221.5661121282;1
2;22262.9696450175;1
2;32234.716043892226;1
2;33133.676725304904;1
2;34939.84578778117;1
2;76564.94230421525;1
2;7690.82275292794;1
2;75464.06712669606;1
2;281896.3576483642;1
2;48949.394555771316;1
2;124494.16828529317;1
2;62894.86841861635;1
2;19261.377811178692;1
2;63863.22677158728;1
2;14997.500964401132;1
2;28623.397218757138;1
2;92389.27426962237;1
2;1183.1785228578888;1
2;66213.23199989588;1
2;25123.475679210133;1
2;53293.443474684806;1
2;43293.59829037528;1
2;94495.14831970258;1
2;86389.14813742862;1
2;224292.46446390307;1
2;71740.86271357616;1
2;71820.23499774346;1
2;47624.888901026854;1
2;73924.93656163725;1
2;61059.19975070943;1
2;75752.14872909928;1
2;15825.436246649091;1
2;44242.75521607235;1
2;31642.97773320104;1
2;20834.85464269046;1
2;28000.3762818909;1
2;48457.20354087038;1
2;20737.777515874306;1
2;10673.505105306664;1
2;36734.91485873813;1
2;23872.692179882408;1
2;47127.64934942267;1
2;29287.485266391774;1
2;10497.651694380998;1
2;23161.062636881077;1
2;57444.31322242564;1
2;22262.9696450175;1
2;32234.716043892226;1
2;33133.676725304904;1
2;34939.84578778117;1
2;42536.07905789736;1
2;7847.778319314224;1
2;22326.64707890416;1
2;56154.652918000844;1
2;48949.394555771316;1
2;37273.70307942909;1
2;62894.86841861635;1
2;19654.467154263973;1
2;35479.5704286596;1
2;15303.572412654215;1
2;29207.54818240524;1
2;51327.37459423465;1
2;651.4128946071522;1
2;66213.23199989588;1
2;7327.680406436289;1
2;53293.443474684806;1
2;43293.59829037528;1
2;52497.304622056996;1
2;47993.971187460345;1
2;44502.47310791727;1
2;39856.03484087565;1
2;70411.99509582692;1
2;26458.271611681586;1
2;40700.24597213736;1
2;33921.77763928301;1
2;42084.52707172182;1
2;15825.436246649091;1
2;44242.75521607235;1
2;31642.97773320104;1
3;252.58867341909985;0
3;5735.789812932558;0
3;15221.427531901772;0
3;17623.867245383004;0
3;12499.175608856169;0
3;17155.35406337499;0
3;18600.7699311931;0
3;16163.710042000996;0
3;7468.697518620309;0
3;6587.786038118481;0
3;8002.146664313113;0
3;15622.990560481323;0
3;25514.844315381146;0
3;8298.120666320972;0
3;3961.719284976162;0
3;18626.790628067927;1
3;22119.313870830665;1
3;49683.85865909853;1
3;58999.582157679506;1
3;48981.6218536158;1
3;35487.42240422267;1
3;35205.75112337715;1
3;20852.23539379349;1
3;30916.51055904323;1
3;36713.35628886383;1
3;39377.57185269149;1
3;46760.86657507115;1
3;27876.044087460286;1
3;21913.78572832478;1
3;15035.020184590594;1
3;16751.38247814797;1
3;19892.266692800717;1
3;36662.764162336854;1
3;43537.03244277502;1
3;41423.31765800802;1
3;31208.171465830263;1
3;22761.62141897934;1
3;8274.137632581507;1
3;29254.282939865352;1
3;22516.581594399184;1
3;43574.48437374901;1
3;51744.700193826946;1
3;44085.796976947764;1
3;36174.67662660836;1
3;19772.793853238323;1
3;6308.695056557843;1
3;28969.401434149437;1
3;34401.16420305245;1
3;22234.517561642173;1
3;20403.0681709389;1
3;24228.64345298994;1
3;16672.826075081037;1
3;14254.205343628479;1
3;14774.711655807085;1
3;16549.245849668285;1
3;31962.0775797591;1
3;37954.967125963936;1
3;22519.66169367538;1
3;52464.57215718121;1
3;62301.67943665269;1
3;47901.42461201728;1
3;40561.899365297955;1
3;10356.68313429199;1
3;29324.31477944288;1
3;19465.6837251489;1
3;3938.855194681626;1
3;26749.854829254047;1
3;31765.452609739183;1
3;27173.66522198295;1
3;10685.205638149766;1
3;18329.9214674162;1
3;23519.202867460866;1
3;27929.05340510978;1
3;54745.367747598764;1
3;65010.12420027353;1
3;41222.05755777465;1
3;39312.38760024955;1
3;12499.175608856169;1
3;212.7062513002946;1
3;21756.422458081255;1
3;25835.75166897149;1
3;17448.69125200316;1
3;13100.031615401971;1
3;23256.216195826495;1
3;9538.925296883599;1
3;36454.645646830104;1
3;43289.891705610746;1
3;36690.0310317948;1
3;34550.23986783678;1
3;31983.753061599844;1
3;37980.70676064982;1
3;28189.75962264631;1
3;18841.94889941117;1
3;29504.07906206105;1
3;35036.093886197494;1
3;25895.47046005728;1
3;12255.064812341918;1
3;8579.147063319166;1
3;28222.074961819002;1
3;10046.540810360668;1
3;24286.55766163031;1
3;28840.287223185995;1
3;18570.74093767422;1
3;28219.38303860201;1
3;29449.121496998523;1
3;7099.823041636163;1
3;26647.68050721349;1
3;31644.12060231602;1
3;20851.789181378233;1
3;42447.09172399277;1
3;50405.921422241416;1
3;44244.70485154336;1
3;38305.75367534319;1
3;10148.2921398971;1
3;30782.864271077287;1
3;41429.32533585828;1
3;49197.32383633171;1
3;34665.861046018246;1
3;20940.24450665985;1
3;16295.786359517046;1
3;50639.437981627685;1
3;60134.33260318288;1
3;42084.19024140035;1
3;36444.63909763583;1
3;4399.846458222414;1
3;23362.338524728977;1
3;27742.77699811566;1
3;20695.407031124167;1
3;18761.914968552686;1
3;14887.616435207448;1
3;27245.711216323998;1
3;32354.282069384746;1
3;13289.63880372136;1
3;34321.027932513774;1
3;40756.22066986011;1
3;37356.58844807518;1
3;44360.948782089275;1
3;25270.835949552416;1
3;19226.357984363014;1
3;32307.466886984017;1
3;38365.11692829352;1
3;20442.3706816748;1
3;18083.973479820866;1
3;39233.21715240845;1
3;46589.44536848503;1
3;11375.822215257287;1
3;7307.248435489127;1
3;24903.063519601346;1
3;29572.387929526598;1
3;18756.658206785844;1
3;11008.74103922846;1
3;41247.68156093962;1
3;29884.145182503304;1
3;29646.94831442286;1
3;25729.52636641134;1
3;29963.680200320305;1
3;23474.56344207182;1
3;18453.714297536655;1
3;8725.258640176427;1
3;2184.4404873237104;1
3;6997.283470531012;1
3;34882.79381726991;1
3;14846.26407593544;1
3;19167.68119492997;1
3;12273.779327397968;1
3;18961.331868967733;1
3;13512.375625965537;1
3;37124.881664798115;1
3;30462.885580301772;1
3;23073.15246446808;1
3;5312.585310785552;1
3;4866.6505792096705;1
3;18723.804262435515;1
3;9511.742395454621;1
3;4257.046343121139;1
3;11821.40463605081;1
3;9031.032345275626;1
3;2532.597322941547;1
3;29919.98579644661;1
3;34157.38893919828;1
3;3003.8992412442894;1
3;16392.154715914865;1
3;8948.15334115766;1
3;22883.086502722483;1
3;9615.00590512799;1
3;7861.365048438311;1
3;4735.156969611044;1
3;34713.3116275997;1
3;33105.16850547331;1
3;10525.621565352563;1
3;6289.429489364471;1
3;12365.343959056594;1
3;11031.605570864818;1
3;2140.287235658132;1
3;8032.779197375663;1
3;1908.1707263280887;1
3;30896.868237300885;1
3;29094.938836073077;1
3;16545.39336782312;1
3;23738.744945386366;1
3;14438.789260668442;1
3;26617.174609989637;1
3;7224.544895426666;1
3;5680.727009974961;1
3;5423.250345696462;1
3;15638.51868435724;1
3;14446.613948105256;1
3;3133.0138795416365;1
3;17559.40141589746;1
3;14864.052731391559;1
3;37258.69882235231;1
3;32257.476779236375;1
3;21440.964739157436;1
3;5417.203747483868;1
3;29192.304038752205;1
3;17633.890110871453;1
3;11280.899474920112;1
3;7433.610035408045;1
3;35439.318098021344;1
3;30690.222398009122;1
3;3705.133859555717;1
3;3060.2866143370857;1
3;17427.711184104563;1
3;13611.545298527155;1
3;12536.940155964166;1
3;10941.560592480557;1
3;11191.274782081146;1
3;9833.708534165375;1
3;12061.966708837846;1
3;21280.703957517824;1
3;16190.617249989906;1
3;11040.39493300579;1
3;17214.62794246299;1
3;3690.5271479890316;1
3;15228.609246164939;1
3;5082.371799253022;1
3;4398.871922807372;1
3;6153.472366727686;1
3;5160.658126643374;1
3;15795.080595188077;1
3;5142.688422650342;1
3;22119.313870830665;0
3;58999.582157679506;0
3;24762.02953012977;0
3;36713.35628886383;0
3;46760.86657507115;0
3;19892.266692800717;0
3;43537.03244277502;0
3;9825.538438690539;0
3;51744.700193826946;0
3;34401.16420305245;0
3;24228.64345298994;0
3;19652.229446481088;0
3;37954.967125963936;0
3;26742.098261239516;0
3;4677.390543684431;0
3;31765.452609739183;0
3;12688.681695302846;0
3;21766.781742556737;0
3;27929.05340510978;0
3;65010.12420027353;0
3;252.58867341909985;0
3;25835.75166897149;0
3;43289.891705610746;0
3;37980.70676064982;0
3;22374.814318050765;0
3;36880.09882757631;0
3;32369.338075071602;0
3;27876.044087460286;0
3;22234.517561642173;0
3;41222.05755777465;0
3;13100.031615401971;0
3;28189.75962264631;0
3;8579.147063319166;0
3;3720.4539819556935;0
3;34665.861046018246;0
3;42084.19024140035;0
3;26600.87994689728;0
3;19743.8507439851;0
3;2594.023078696906;0
3;22761.62141897934;0
3;22516.581594399184;0
3;6308.695056557843;0
3;10724.350910014806;0
3;3007.459320993087;0
3;19465.6837251489;0
3;9538.925296883599;0
3;20940.24450665985;0
3;15671.175194955209;0
3;7691.840458409607;0
3;13072.879984083796;0
3;48981.6218536158;0
3;21913.78572832478;0
3;41423.31765800802;0
3;44085.796976947764;0
3;11295.194094602362;0
3;27173.66522198295;0
3;39312.38760024955;0
3;2541.5910923440315;0
3;38621.08529662611;0
3;18048.48657583555;0
3;19548.14835544655;0
3;21949.251769871826;0
3;46573.373527940385;0
3;6428.360528312927;1
3;35487.42240422267;0
3;10361.244635209507;0
3;36174.67662660836;0
3;12499.175608856169;0
3;34550.23986783678;0
3;38305.75367534319;0
3;4399.846458222414;0
3;13110.468982944374;0
3;35205.75112337715;0
3;8309.274121255577;0
3;17629.938590173333;0
3;27399.368551555843;0
3;5055.242532456353;0
3;11417.819512339487;0
3;5622.998901413114;0
3;14683.845951379706;0
3;19647.654624289953;0
3;18058.26743513157;0
3;18580.06591423945;0
3;26801.205923946796;0
3;21784.6389801307;0
3;13989.093477601433;0
3;15077.458386047309;0
3;30553.812560113467;0
3;16163.710042000996;0
3;11677.528884321382;0
3;4382.500988236975;0
3;7468.697518620309;0
3;3634.090354525289;0
3;14037.918005310336;0
3;8827.411917047053;0
3;6745.863324345267;0
3;6432.929450137093;0
3;14575.112951285088;0
3;16045.946055834074;0
3;5779.147562811484;0
3;10625.932092624722;0
3;2265.9527375146054;0
3;13396.068126467633;0
3;12993.103203570661;0
3;35581.870237880365;0
3;35529.98313328035;0
3;31607.894849362696;0
3;6128.281525389007;0
3;6440.109785514549;0
3;80404.76989503544;1
3;93636.50062600095;1
3;17748.578959505146;1
3;128107.57172971629;1
3;243816.47061854793;1
3;45800.86151792313;1
3;111854.53837998954;1
3;143771.94721569307;1
3;27266.433250551338;1
3;141035.4205960153;1
3;58511.888320110986;1
3;93499.95561389565;1
3;43337.629979870944;1
3;153318.20698029094;1
3;9372.127756407324;1
3;27657.305252340117;1
3;281143.90681801556;1
3;11302.23939071641;1
3;93396.35049833308;1
3;88942.3199150976;1
3;41285.26501314699;1
3;73941.57732694419;1
3;15503.88715141572;1
3;90921.68386272837;1
3;74183.5779543324;1
3;20577.35324890007;1
3;98788.52263641139;1
3;34547.75464194284;1
3;25455.737771275795;1
3;88216.33227687448;1
3;33811.20948233023;1
3;50346.819397162;1
3;93636.50062600095;1
3;6826.376522886595;1
3;38355.56039811865;1
3;36941.88948765878;1
3;17752.271906171754;1
3;16947.657330301445;1
3;42536.07905789736;1
3;27266.433250551338;1
3;42226.1738311423;1
3;58511.888320110986;1
3;16928.761710887087;1
3;23230.03136065014;1
3;9563.395669803393;1
3;30730.339169266797;1
3;11532.897337465723;1
3;27403.719607295334;1
3;33784.29206077351;1
3;15804.515512845333;1
3;28221.97607898633;1
3;5963.0335197752775;1
3;90921.68386272837;1
3;74183.5779543324;1
3;7914.366634192335;1
3;100804.61493511367;1
3;35252.81085912535;1
3;9790.668373567614;1
3;34192.376851501744;1
3;34501.234165643094;1
4;10263.422221993393;0
4;24762.02953012977;0
4;10361.244635209507;0
4;5055.242532456353;0
4;14037.918005310336;0
4;21766.781742556737;0
4;6745.863324345267;0
4;12993.103203570661;0
4;93636.50062600095;1
4;6826.376522886595;1
4;38355.56039811865;1
4;16947.657330301445;1
4;42536.07905789736;1
4;42226.1738311423;1
4;58511.888320110986;1
4;16928.761710887087;1
4;23230.03136065014;1
4;9563.395669803393;1
4;30730.339169266797;1
4;27403.719607295334;1
4;33784.29206077351;1
4;15804.515512845333;1
4;28221.97607898633;1
4;5963.0335197752775;1
4;90921.68386272837;1
4;74183.5779543324;1
4;7914.366634192335;1
4;100804.61493511367;1
4;9790.668373567614;1
4;34501.234165643094;1
4;14751.703620012924;1
4;26883.233229128116;1
4;31923.83945958964;1
4;44991.58191231325;1
4;53427.503520871986;1
4;33287.96064565759;1
4;31346.887651964294;1
4;19244.396914897494;1
4;8309.274121255577;1
4;45686.54386105785;1
4;54252.770835006195;1
4;39653.470848837715;1
4;14127.656416321453;1
4;46756.09334143845;1
4;55522.86084295816;1
4;52981.221340283075;1
4;36243.38688205017;1
4;33037.12129001975;1
4;39231.58153189845;1
4;27876.044087460286;1
4;43288.92195827655;1
4;51405.5948254534;1
4;41037.38326800189;1
4;48731.89263075224;1
4;26903.28046083998;1
4;25531.97247550628;1
4;23122.603869811348;1
4;44697.96881019185;1
4;53078.83796210282;1
4;32886.17907029921;1
4;30957.32245659873;1
4;19252.217917489164;1
4;19652.229446481088;1
4;26742.098261239516;1
4;25317.896740657816;1
4;46614.14412190928;1
4;55354.29614476727;1
4;35644.53620957307;1
4;33601.81144418094;1
4;18968.19487177321;1
4;42353.57780754982;1
4;50294.87364646541;1
4;40245.75199956945;1
4;37972.67594113694;1
4;61123.933689092264;1
4;72584.67125579706;1
4;12688.681695302846;1
4;5622.998901413114;1
4;14683.845951379706;1
4;39384.02832983205;1
4;46768.53364167556;1
4;38031.81786447922;1
4;24382.514035449563;1
4;33086.49382189927;1
4;39290.21141350538;1
4;37970.853063202;1
4;28471.736003765214;1
4;52206.311739028555;1
4;61994.99519009641;1
4;47651.0497792925;1
4;22374.814318050765;1
4;30750.87117131802;1
4;13288.359946885246;1
4;12866.796593184921;1
4;33513.71401716006;1
4;28096.97271839593;1
4;40195.163357551144;1
4;47731.75648709198;1
4;34462.5351309318;1
4;23988.71104173988;1
4;39748.981465744844;1
4;47201.915490572006;1
4;65336.19217524442;1
4;77586.72820810275;1
4;33510.51735833989;1
4;35340.79098632506;1
4;41967.18929626101;1
4;23596.03213560956;1
4;34970.831777685744;1
4;22205.532038845595;1
4;31503.00811852142;1
4;37409.82214074418;1
4;31493.56441644641;1
4;31132.282165441684;1
4;47109.635384053116;1
4;55942.69201856307;1
4;17060.413004868224;1
4;35773.209390363925;1
4;42480.68615105716;1
4;33876.58122857339;1
4;28663.354189384943;1
4;33415.44824323851;1
4;39680.84478884573;1
4;38547.784079429155;1
4;30543.63549603235;1
4;57414.40338438142;1
4;36426.67499390602;1
4;43256.676555263395;1
4;31015.08850395729;1
4;27736.11394321414;1
4;36554.651321904275;1
4;22606.042338188385;1
4;53830.873181164294;1
4;63924.1619026326;1
4;13022.828580403837;1
4;26340.22343262351;1
4;31279.015326240416;1
4;35199.06839815141;1
4;41798.893722804794;1
4;50241.17845637965;1
4;59661.39941695083;1
4;40082.65038934987;1
4;47598.147337352966;1
4;29501.919735152725;1
4;26996.427248808635;1
4;41086.99027613758;1
4;48790.80095291337;1
4;28406.81147249395;1
4;26489.482221460003;1
4;18536.7557741387;1
4;37208.099594775056;1
4;44184.61826879538;1
4;30176.994975341586;1
4;24852.82425616864;1
4;6270.548539797159;1
4;10066.88986258076;1
4;28031.966859501128;1
4;26397.379075338355;1
4;16205.80792833473;1
4;10522.747275642569;1
4;3740.935893008689;1
4;33392.39650428439;1
4;23048.701759630556;1
4;10715.877701084972;1
4;44615.765339185746;1
4;30520.746848042247;1
4;24451.785100993813;1
4;23474.56344207182;1
4;7224.544895426666;1
4;10452.40806344719;1
4;22655.394072286297;1
4;21500.608400426343;1
4;19471.66641668324;1
4;4418.789912339699;1
4;27693.62448025196;1
4;26069.32417397788;1
4;16212.394035780348;1
4;10234.293344348844;1
4;14468.84997487567;1
4;21320.334097396055;1
4;1701.979745956954;1
4;30016.451544903637;1
4;28296.26226878395;1
4;15973.216734124808;1
4;12536.940155964166;1
4;33891.159578584804;1
4;31976.990266220582;1
4;19711.86819097785;1
4;8725.258640176427;1
4;10120.942209122484;1
4;3146.233247638738;1
4;8257.35738191081;1
4;32026.7939911404;1
4;20532.643398273318;1
4;6055.560176586585;1
4;31975.45521111747;1
4;23976.198740012813;1
4;11133.484010197579;1
4;9741.24355463614;1
4;11343.867573249094;1
4;10835.197131103092;1
4;9807.191270994117;1
4;23660.608604964993;1
4;7562.863599237805;1
4;19595.51533714075;1
4;29021.082215521514;1
4;20201.019824623058;1
4;19018.4083371453;1
4;12861.746699267695;1
4;12615.702890813067;1
4;19870.34285103963;1
4;7632.691926405348;1
4;18699.395401133133;1
4;12717.132498962164;1
4;26520.896350691713;1
4;26216.658665635103;1
4;8487.518166143414;1
4;14366.663583046924;1
4;11821.40463605081;1
4;28527.647350377596;1
4;24137.561422639952;1
4;5680.727009974961;1
4;32461.291856361393;1
4;25720.95620718514;1
4;10941.560592480557;1
4;33019.95159041094;1
4;26117.96926649035;1
4;23356.727531127697;1
4;2303.1326521628725;1
4;19036.66723215864;1
4;14488.809196159436;1
4;10966.592488761125;1
4;9927.46611483466;1
4;12377.977122291812;1
4;13289.876235799955;1
4;8719.02287026798;1
4;2317.606642567197;1
4;24843.721882233873;1
4;22733.833472680955;1
4;10481.293015759667;1
4;23921.52545052122;1
4;22306.93239701895;1
4;15609.899599274693;1
4;8524.136748319519;1
4;25412.206295024494;1
4;20928.6941104578;1
4;13801.898081536476;1
4;31923.83945958964;0
4;53427.503520871986;0
4;48731.89263075224;0
4;53078.83796210282;0
4;55354.29614476727;0
4;46768.53364167556;0
4;42480.68615105716;0
4;43256.676555263395;0
4;31279.015326240416;0
4;41798.893722804794;0
4;47598.147337352966;0
4;48790.80095291337;0
4;54252.770835006195;0
4;55522.86084295816;0
4;39231.58153189845;0
4;51405.5948254534;0
4;50294.87364646541;0
4;72584.67125579706;0
4;25317.896740657816;0
4;11567.726721130415;0
4;13470.8427432333;0
4;28096.97271839593;0
4;14981.147182840517;0
4;22205.532038845595;0
4;22606.042338188385;0
4;52981.221340283075;0
4;27876.044087460286;0
4;12412.234575343538;0
4;10361.244635209507;0
4;24382.514035449563;0
4;34462.5351309318;0
4;15273.324205380388;0
4;23596.03213560956;0
4;17958.329478808657;1
4;2897.008303208996;1
4;4442.361372947818;0
4;17181.759345164857;0
4;3736.151981571001;0
4;9805.611891019087;0
4;15781.728030012446;0
4;10353.839658443227;0
4;39653.470848837715;0
4;12725.104770038404;0
4;36243.38688205017;0
4;40245.75199956945;0
4;23988.71104173988;0
4;31132.282165441684;0
4;14037.918005310336;0
4;11788.866011366159;0
4;24852.82425616864;0
4;31346.887651964294;0
4;25531.97247550628;0
4;30957.32245659873;0
4;33601.81144418094;0
4;12018.61887333295;0
4;37970.853063202;0
4;11646.039634305514;0
4;38547.784079429155;0
4;27736.11394321414;0
4;28417.291840851194;0
4;27883.665496273687;0
4;19244.396914897494;0
4;8579.147063319166;0
4;23122.603869811348;0
4;19252.217917489164;0
4;18968.19487177321;0
4;37972.67594113694;0
4;7190.97770969657;0
4;28471.736003765214;0
4;22584.359900360047;0
4;9540.864908006684;0
4;10609.397707679269;0
4;7100.908762468702;0
4;32151.195258981425;0
4;2878.9158152035907;0
4;13101.616269699585;0
4;19512.374499093366;0
4;7446.276391009126;0
4;12495.76238982555;0
4;27370.333339561286;0
4;29036.494807430154;0
4;5247.3130209033925;0
4;12153.223346414252;0
4;14887.616435207448;0
4;23407.843476786198;0
4;13221.012262109625;0
4;13676.950740600696;0
4;10655.1709353994;0
4;97977.32093433061;1
4;84010.10384102537;1
4;39279.826876591236;1
4;225196.02890374584;1
4;32883.58523638303;1
4;301384.06034301483;1
4;153731.530983054;1
4;102891.88504584422;1
4;72027.1929988455;1
4;32642.169944251906;1
4;119819.60124244355;1
4;76411.82844060566;1
4;85670.08283732465;1
4;249915.17838994274;1
4;13808.71847606156;1
4;106269.89319578608;1
4;64390.750690985995;1
4;133253.36178421302;1
4;42361.48050161236;1
4;31982.166701090136;1
4;197512.36392446872;1
4;195889.6899369401;1
4;153237.3636092831;1
4;333215.8431786822;1
4;61599.58809680578;1
4;31643.79824103548;1
4;34792.13753186743;1
4;74449.56900546953;1
4;327010.84547590313;1
4;171645.73179453873;1
4;27170.685885268467;1
4;19595.46418686612;1
4;11690.424665652154;1
4;66626.04405436268;1
4;32883.58523638303;1
4;33487.11781589054;1
4;45215.156171486466;1
4;30441.386108237937;1
4;72027.1929988455;1
4;9831.978898871055;1
4;35449.58616640342;1
4;25288.156982101853;1
4;72460.6138527053;1
4;13808.71847606156;1
4;31627.94440350776;1
4;63128.18695194706;1
4;39424.07153379083;1
4;41530.86323687486;1
4;31982.166701090136;1
4;58435.61062854104;1
4;30647.472721856615;1
4;36941.88948765878;1
4;61599.58809680578;1
4;31023.331608858312;1
4;34096.294781230084;1
4;71529.97806407858;1
4;64094.12571327701;1
4;34192.376851501744;1
4;26637.927338498495;1
5;7446.276391009126;0
5;27370.333339561286;0
5;17181.759345164857;0
5;11417.819512339487;0
5;12018.61887333295;0
5;22205.532038845595;0
5;35911.777145857865;1
5;42645.23536070621;1
5;23145.894097532586;1
5;13169.909588521976;1
5;11958.49426188955;1
5;17629.938590173333;1
5;9825.538438690539;1
5;42314.01650322146;1
5;14468.84997487567;1
5;17181.759345164857;1
5;45654.55043769709;1
5;6572.788146301765;1
5;12819.933288075506;1
5;25703.62479938372;1
5;16188.173567634874;1
5;19223.456111566415;1
5;9001.256753300588;1
5;16600.498415082075;1
5;31982.26326033334;1
5;37978.93762164584;1
5;36331.78789648539;1
5;28634.02209263285;1
5;6232.7020384066855;1
5;18880.41296982467;1
5;22420.490401666793;1
5;26186.479071923535;1
5;17155.35406337499;1
5;34029.21056112083;1
5;40409.68754133099;1
5;38098.76621750246;1
5;31600.329418774105;1
5;36854.21174702166;1
5;43764.37644958822;1
5;16785.2463258087;1
5;17651.062618527478;1
5;44211.412807882094;1
5;52501.05270935999;1
5;7639.26149756237;1
5;6270.548539797159;1
5;9507.657252005838;1
5;19491.27924002744;1
5;18699.395401133133;1
5;12137.567046340888;1
5;3101.6065153551062;1
5;13789.64400887326;1
5;14000.842552775573;1
5;30595.189807566643;1
5;24112.86070958556;1
5;7948.49051498097;1
5;8998.331564997423;1
5;7411.540043801945;1
5;32083.171551581017;1
5;8482.43520377085;1
5;35881.43111189652;1
5;6432.673161931492;1
5;36098.004376410754;1
5;42645.23536070621;0
5;15639.267636369847;0
5;50247.89459757548;0
5;54214.7786447653;0
5;7805.185923733346;0
5;15223.670779589664;0
5;30523.05444926817;0
5;19713.091867909963;0
5;37978.93762164584;0
5;22420.490401666793;0
5;31096.443897909197;0
5;43764.37644958822;0
5;14200.71193599384;0
5;17181.759345164857;0
5;19223.456111566415;0
5;10688.992394544448;0
5;9071.623028355314;0
5;23145.894097532586;0
5;36331.78789648539;0
5;14413.360867529804;0
5;16375.202260536997;0
5;16626.000531420992;0
5;8801.20380201481;0
5;42609.19944537712;0
5;7638.799379793647;0
5;42866.38019698777;0
5;3683.157736984189;0
5;28634.02209263285;0
5;9438.832486539903;1
5;37370.29456840484;1
5;189649.48509907638;1
5;48074.90098800415;1
5;27566.34880698305;1
5;75352.68971745486;1
5;43752.632977423666;1
5;23395.238336284758;1
5;170928.64226018236;1
5;112129.47222467662;1
5;100510.51815517957;1
5;112806.2636762836;1
5;37370.29456840484;1
5;37929.897019815275;1
5;9692.520360484707;1
5;28128.927354064337;1
5;43752.632977423666;1
5;23872.692179882408;1
5;22697.841384143456;1
5;20102.103631035912;1
5;112806.2636762836;1
6;50247.89459757548;0
6;30523.05444926817;0
6;8441.531709244273;0
6;10688.992394544448;0
6;37370.29456840484;1
6;37929.897019815275;1
6;9692.520360484707;1
6;23872.692179882408;1
6;22697.841384143456;1
6;20102.103631035912;1
6;112806.2636762836;1
6;61233.07785801219;1
6;72714.27995638948;1
6;35844.19539058032;1
6;17400.966877057745;1
6;63702.81762053102;1
6;75647.09592438058;1
6;48381.2563538516;1
6;57452.74192019877;1
6;49627.25889249935;1
6;46883.4649902355;1
6;35502.660347121826;1
6;54214.7786447653;1
6;9001.256753300588;1
6;53405.673693450626;1
6;63419.23751097262;1
6;48654.04040501357;1
6;57776.67298095361;1
6;47983.91662403106;1
6;38524.38430238176;1
6;19713.091867909963;1
6;9575.97930962011;1
6;31096.443897909197;1
6;46268.702798811646;1
6;19932.48001189783;1
6;46998.085616779776;1
6;4413.8523388051635;1
6;19444.631745975174;1
6;5064.139598927709;1
6;8248.202484379532;1
6;7540.173016854018;1
6;20097.224886918175;1
6;41791.375909473136;1
6;39480.812623356214;1
6;29896.97713441838;1
6;15888.283721893746;1
6;10715.877701084972;1
6;14930.250319608384;1
6;40407.50873602615;1
6;32441.58678095306;1
6;13024.221577287692;1
6;9608.143747647131;1
6;3491.7842496747317;1
6;16325.02125735337;1
6;13439.695920496551;1
6;8948.15334115766;1
6;11298.98068513033;1
6;3452.0719025416665;1
6;75647.09592438058;0
6;57452.74192019877;0
6;63419.23751097262;0
6;57776.67298095361;0
6;23090.50019834552;0
6;10688.992394544448;0
6;6013.665773726654;0
6;8953.955457514146;0
6;12725.104770038404;0
6;19385.962743107128;0
6;11409.670700330968;1
6;10625.932092624722;1
6;23865.45455321533;0
6;46883.4649902355;0
6;17729.672254534955;0
6;4146.493796488744;0
6;4099.335384268229;0
6;35502.660347121826;0
6;38524.38430238176;0
6;18867.336919748825;0
6;15466.263123029134;0
6;49650.88663091796;1
6;95638.35300381875;1
6;306319.52880969446;1
6;15825.436246649091;1
6;194225.2833321651;1
6;123958.34086345298;1
6;172433.03703079498;1
6;122548.55254022917;1
6;49650.88663091796;1
6;28128.927354064337;1
6;23563.040677668807;1
6;15825.436246649091;1
6;10693.589264628865;1
6;10787.724695442708;1
7;18867.336919748825;0
7;11409.670700330968;0
7;4099.335384268229;0
7;15639.267636369847;1
7;51887.26249157793;1
7;61616.12420874879;1
7;12523.84802496695;1
7;48381.2563538516;1
7;57452.74192019877;1
7;15223.670779589664;1
7;39480.812623356214;1
7;46883.4649902355;1
7;36357.17533631877;1
7;43174.14571187853;1
7;15888.283721893746;1
7;10625.932092624722;1
7;31636.461872623284;1
7;8015.242296293654;1
7;27102.932214070082;1
7;9812.040289459948;1
7;8124.593527230021;1
7;3452.0719025416665;1
7;5334.091782909415;1
7;1908.1707263280887;1
7;61616.12420874879;0
7;46883.4649902355;0
7;9518.100226848714;0
7;32184.73200420822;0
7;9647.95481358565;0
7;2265.9527375146054;0
7;11651.797843733688;0
7;4099.335384268229;0
7;6334.2339922049305;0
7;125238.16087958835;1
7;398000.88424121914;1
7;84696.66316896901;1
7;139808.9120529375;1
7;126438.9867675172;1
7;16335.656085160084;1
7;29576.646258085373;1
7;25047.63217591767;1
7;30662.625904562337;1
7;84696.66316896901;1
7;10787.724695442708;1
7;25389.354772593815;1
7;16669.036821591922;1
7;5843.772849379771;1
8;32184.73200420822;0
8;11651.797843733688;0
8;12412.234575343538;0
8;7805.185923733346;0
8;5080.436693748169;0
8;10685.51873343444;0
8;2752.1578880485463;0
8;11290.342986756932;0
8;25047.63217591767;1
8;10787.724695442708;1
8;25389.354772593815;1
8;16669.036821591922;1
8;30105.27994564279;1
8;35750.019935450815;1
8;8150.520780464784;1
8;30449.50844320173;1
8;36158.79127630205;1
8;7753.042522168347;1
8;11161.462966003213;1
8;27102.932214070082;1
8;32184.73200420822;1
8;14474.130816964445;1
8;17188.03034514528;1
8;18867.336919748825;1
8;9812.040289459948;1
8;7446.276391009126;1
8;14149.91129256925;1
8;6863.596446707187;1
8;4110.442715551933;1
8;6528.877913404924;1
8;3773.1153715940936;1
8;10475.31610986514;1
8;13166.575188933564;1
8;11826.080292861816;1
8;4418.789912339699;1
8;5609.5852101759165;1
8;35750.019935450815;0
8;36158.79127630205;0
8;32184.73200420822;0
8;13254.237272128816;0
8;17188.03034514528;0
8;11651.797843733688;0
8;6661.382437083901;0
8;15635.308036858607;0
8;8150.520780464784;0
8;7753.042522168347;0
8;12439.437880464853;0
8;14043.470347773406;0
8;5247.3130209033925;0
8;4881.150724717921;0
8;4480.574503767986;0
8;12845.133486099792;1
8;34879.57176876004;1
8;41145.54746541739;1
8;11790.985536231543;1
8;103639.6755574207;1
8;268909.491012808;1
8;12845.133486099792;1
8;34879.57176876004;1
8;41145.54746541739;1
8;11790.985536231543;1
8;30662.625904562337;1
8;17529.95378179974;1
9;13072.879984083796;0
9;4881.150724717921;0
9;4480.574503767986;0
9;15635.308036858607;0
9;6661.382437083901;0
9;50122.935451739024;1
9;11781.320436102127;1
9;35810.35229379374;1
9;23016.887456775028;1
9;19276.084889955142;1
9;22890.35080682173;1
9;21227.563857231493;1
9;25207.732080462396;1
9;32294.14466293726;1
9;3491.7842496747317;1
9;5334.091782909415;1
9;59520.985848940094;0
9;13990.318017871276;0
9;42524.79334888006;0
9;27332.553854920345;0
9;38349.296787237996;0
9;10911.825780233536;1
9;16669.036821591922;1
9;10911.825780233536;1
9;16669.036821591922;1
10;10911.825780233536;1
10;16669.036821591922;1
11;14323.585466744942;0
11;23848.74026284069;1
11;21762.744800269604;1
11;21816.46763998844;1
11;28786.865697061756;1
11;28320.379062123317;0
14;8579.147063319166;0
14;4677.390543684431;0
14;9063.82166260635;1
14;3664.590389166303;1
14;4351.701087134985;0
14;286067.08725429454;1
14;11451.844966144696;1
15;252.58867341909985;0
15;28937.49127815798;1
15;3772.489852667571;1
15;29025.703910781787;1
15;34363.2708928126;0
15;4479.8317000427405;0
15;34468.02339405337;0
15;322312.1017872856;1
15;11789.030789586159;1
16;11789.030789586159;1
17;10361.244635209507;0
17;15273.324205380388;0
17;52091.07579604224;1
17;52069.49616795607;1
17;34184.40301526083;1
17;23247.039665048924;1
17;61858.152507800165;0
19;25907.055322486274;0
19;61858.152507800165;1
19;61832.52669944784;1
19;25843.259450320154;1
19;27605.859602245597;1
19;37773.373697716714;1
19;39218.97877099055;1
19;5334.091782909415;1
19;12880.8939218553;1
19;44855.881266038596;0
19;6334.2339922049305;1
19;15296.06153220317;1
20;6334.2339922049305;0
20;44855.881266038596;1
20;46572.53729055128;1
20;33110.42143628416;1
20;34324.8848525296;1
20;39318.62545558744;0
26;40760.800762378894;0
27;15296.06153220317;0
